<?xml version="1.0" encoding="UTF-8"?>
<uptime xmlns:xsi="http://www.w3.org/2001/XMLSchema-instance"
        xsi:schemaLocation="http://www.uptimesoftware.com/erdc/erdc erdc"
        xmlns="http://www.uptimesoftware.com/erdc/erdc"
        xmlns:upt="http://www.uptimesoftware.com/erdc/erdc" version="4.0" target_grouping="other">
    <class>AS400 PTF</class>
    <exec>com.uptimesoftware.uptime.erdc.MonitorAS400ptf</exec>
    <elements>
        
        <element name="username" parameter_type="input" data_type="integer" gui_basic="1"
                 range_type="0" units="">
            <control_options>size:10</control_options>
            <default_value></default_value>
            <short_description>AS400 User</short_description>
            <long_description>Username to connect to AS400 server</long_description>
            <validation_rule>
                <alphanumeric/>
            </validation_rule>
            <error_message>
                <alphanumeric>required field</alphanumeric>
            </error_message>
            <gui_type>
                <integer/>
            </gui_type>
        </element>
        
        <element name="password" parameter_type="input" data_type="string" gui_basic="1"
                 range_type="0" units="">
            <control_options>size:10</control_options>
            <default_value></default_value>
            <short_description>AS400 Password</short_description>
            <long_description>Password for user</long_description>
            <validation_rule>
                <alphanumeric/>
            </validation_rule>
            <error_message>
                <alphanumeric>required field</alphanumeric>
            </error_message>
            <gui_type>
                <string/>
            </gui_type>
        </element>
        
        <element name="messageCount" parameter_type="output" data_type="integer" gui_basic="1" range_type="0" units="%">
            <control_options>size:40</control_options>
            <default_value/>
            <short_description>Message Count</short_description>
            <long_description>Number of Messages</long_description>
            <validation_rule/>
            <error_message/>                
            <gui_type>                
                <integer/>                
            </gui_type>   
        </element>                       
        
        <element name="timer" parameter_type="output" data_type="integer" gui_basic="0" range_type="0" units="ms">
            <control_options>size:8</control_options> 
            <default_value /> 
            <short_description>Response time</short_description> 
            <long_description>Response time in ms</long_description> 
            <validation_rule /> 
            <error_message /> 
            <gui_type>
                <integer /> 
            </gui_type>
        </element>        
        
    </elements>
    <help/>
</uptime>
